100000,29.77916667,-7.9625
100001,30.3375,-5.820833333
100002,30.64583333,-8.479166667
100003,30.9375,-6.9125
100004,31.22083333,-8.245833333
100005,31.2375,-6.145833333
100006,31.30416667,-4.254166667
100007,31.45416667,-4.220833333
100008,31.49583333,-4.3875
100009,31.5125,-5.479166667
100010,31.67083333,-8.354166667
100011,31.69583333,-4.9375
100012,31.72916667,-7.004166667
100013,31.95416667,-4.395833333
100014,31.95416667,-6.5625
100015,32.05416667,-8.670833333
100016,32.20416667,-6.795833333
100017,32.2125,-8.5125
100018,32.2625,-4.4875
100019,32.50416667,-7.1875
100020,32.54583333,-1.945833333
100021,32.55416667,-6.020833333
100022,32.57916667,-6.254166667
100023,32.6375,3.770833333
100024,32.6375,-5.9125
100025,32.67916667,-4.720833333
100026,32.72083333,-5.0875
100027,32.75416667,-5.7125
100028,32.7625,-6.379166667
100029,32.82083333,-8.520833333
100030,32.84583333,-6.8625
100031,32.85416667,-6.545833333
100032,32.8875,-6.7625
100033,32.9125,-5.6375
100034,32.94583333,-8.220833333
100035,33.0375,-3.979166667
100036,33.05416667,-7.2375
100037,33.07916667,5.8875
100038,33.1375,6.129166667
100039,33.14583333,-5.8375
100040,33.15416667,-5.5625
100041,33.2625,-7.229166667
100042,33.3125,6.829166667
100043,33.32916667,-3.695833333
100044,33.37083333,6.929166667
100045,33.4125,-7.4375
100046,33.42083333,-5.2125
100047,33.4375,6.895833333
100048,33.5125,-6.604166667
100049,33.59583333,-7.120833333
100050,33.62916667,-5.5875
100051,33.62916667,-7.320833333
100052,33.6625,-5.3625
100053,33.70416667,-5.004166667
100054,33.77083333,10.0625
100055,33.7875,10.9125
100056,33.7875,-6.779166667
100057,33.79583333,-4.8125
100058,33.8125,-6.045833333
100059,33.84583333,10.79583333
100060,33.8625,2.7875
100061,33.87083333,-6.304166667
100062,33.9125,2.920833333
100063,33.9375,-6.7375
100064,34.02083333,-2.095833333
100065,34.0375,-4.429166667
100066,34.04583333,-5.520833333
100067,34.17916667,3.4875
100068,34.1875,-5.695833333
100069,34.19583333,2.120833333
100070,34.20416667,-3.3375
100071,34.2875,-6.295833333
100072,34.30416667,-2.170833333
100073,34.3875,-2.879166667
100074,34.4375,10.34583333
100075,34.47916667,-5.495833333
100076,34.57083333,-2.495833333
100077,34.64583333,3.204166667
100078,34.77916667,-5.5625
100079,34.8125,0.204166667
100080,34.82083333,0.0875
100081,34.82916667,-1.820833333
100082,34.8625,10.85416667
100083,34.89583333,10.67916667
100084,34.9125,5.695833333
100085,34.92916667,-2.7375
100086,34.95416667,-2.104166667
100087,35.12916667,-1.4375
100088,35.12916667,-6.170833333
100089,35.14583333,-5.2625
100090,35.20416667,4.195833333
100091,35.22083333,8.754166667
100092,35.22083333,-6.095833333
100093,35.24583333,-1.1125
100094,35.2625,7.770833333
100095,35.2625,2.320833333
100096,35.27083333,6.254166667
100097,35.27083333,1.395833333
100098,35.27916667,-1.429166667
100099,35.35416667,8.170833333
100100,35.35416667,8.004166667
100101,35.37916667,5.245833333
100102,35.4125,5.9625
100103,35.4125,0.3625
100104,35.4375,-6.020833333
100105,35.50416667,10.90416667
100106,35.5125,6.970833333
100107,35.52916667,-0.1625
100108,35.5375,-5.295833333
100109,35.5625,6.2625
100110,35.57083333,0.054166667
100111,35.60416667,1.895833333
100112,35.62083333,4.554166667
100113,35.62916667,6.1125
100114,35.6375,-0.4625
100115,35.65416667,10.65416667
100116,35.67083333,4.454166667
100117,35.67083333,-5.7875
100118,35.67916667,0.604166667
100119,35.72083333,1.5625
100120,35.77916667,10.0625
100121,35.79583333,7.3875
100122,35.80416667,-5.395833333
100123,35.80416667,-5.9125
100124,35.8125,1.479166667
100125,35.82916667,4.5625
100126,35.8625,2.770833333
100127,35.87083333,10.44583333
100128,35.87916667,0.229166667
100129,35.89583333,-0.370833333
100130,35.94583333,8.145833333
100131,35.97916667,6.520833333
100132,36.02916667,0.1375
100133,36.05416667,7.770833333
100134,36.0625,-5.479166667
100135,36.09583333,-5.520833333
100136,36.1625,6.604166667
100137,36.1625,2.945833333
100138,36.17083333,0.970833333
100139,36.17916667,5.770833333
100140,36.22916667,-5.3375
100141,36.27916667,0.679166667
100142,36.32916667,6.754166667
100143,36.37916667,-6.0625
100144,36.39583333,2.779166667
100145,36.4125,6.7375
100146,36.42083333,2.545833333
100147,36.42916667,-6.245833333
100148,36.44583333,10.4375
100149,36.45416667,6.520833333
100150,36.47083333,3.129166667
100151,36.47083333,2.920833333
100152,36.4875,-5.145833333
100153,36.5125,1.370833333
100154,36.55416667,3.520833333
100155,36.55416667,2.170833333
100156,36.57083333,10.70416667
100157,36.57916667,3.320833333
100158,36.59583333,6.820833333
100159,36.59583333,-4.704166667
100160,36.6125,3.904166667
100161,36.6125,2.3375
100162,36.64583333,10.07916667
100163,36.70416667,7.429166667
100164,36.7375,-2.7125
100165,36.74583333,5.7125
100166,36.74583333,-3.445833333
100167,36.74583333,-6.2875
100168,36.7875,-3.7625
100169,36.80416667,4.945833333
100170,36.80416667,-4.154166667
100171,36.82083333,-4.454166667
100172,36.82916667,-4.354166667
100173,36.8625,-2.520833333
100174,36.8875,11.00416667
100175,36.90416667,6.679166667
100176,36.92083333,-2.3125
100177,36.97083333,7.745833333
100178,37.0375,6.520833333
100179,37.09583333,9.8125
100180,37.15416667,-3.7375
100181,37.19583333,10.00416667
100182,37.19583333,-5.9875
100183,37.20416667,10.15416667
100184,37.20416667,-3.5125
100185,37.2375,-7.2875
100186,37.29583333,9.779166667
100187,19.57083333,5.7625
100188,19.97083333,2.9625
100189,21.3375,0.945833333
100190,22.7875,5.529166667
100191,22.87083333,5.3375
100192,24.55416667,9.479166667
100193,24.90416667,10.17916667
100194,24.95416667,10.17916667
100195,26.5125,8.479166667
100196,26.72083333,0.1625
100197,26.9875,1.070833333
100198,27.10416667,1.904166667
100199,27.19583333,2.479166667
100200,27.24583333,-0.195833333
100201,27.52916667,9.620833333
100202,27.57083333,2.495833333
100203,27.67083333,-8.1375
100204,27.72083333,9.8875
100205,27.75416667,9.179166667
100206,27.87916667,-0.304166667
100207,27.92083333,9.1125
100208,27.92916667,9.254166667
100209,28.04583333,9.5625
100210,28.07916667,9.7875
100211,28.12916667,0.2875
100212,28.1625,8.9625
100213,28.19583333,9.804166667
100214,28.20416667,-0.1625
100215,28.42916667,7.5375
100216,28.4875,9.095833333
100217,28.62083333,7.6625
100218,28.64583333,9.795833333
100219,28.6875,7.195833333
100220,28.7125,8.9375
100221,28.7125,0.3375
100222,28.8875,9.945833333
100223,28.92916667,9.745833333
100224,29.0875,2.220833333
100225,29.2625,6.4875
100226,29.2625,0.229166667
100227,29.70416667,6.704166667
100228,29.7125,0.704166667
100229,29.97916667,9.420833333
100230,30.12916667,9.4875
100231,30.17083333,10.45416667
100232,30.1875,7.6875
100233,30.2625,8.079166667
100234,30.4875,6.470833333
100235,30.57916667,2.8875
100236,30.6125,8.2625
100237,30.67083333,8.095833333
100238,30.82916667,8.0375
100239,30.8875,5.6375
100240,30.97916667,5.754166667
100241,31.02083333,8.1625
100242,31.02916667,-2.7125
100243,31.0625,8.029166667
100244,31.19583333,6.7875
100245,31.2375,8.5625
100246,31.3375,6.0375
100247,31.39583333,6.9375
100248,31.47083333,5.9375
100249,31.55416667,-2.429166667
100250,31.6125,-2.229166667
100251,31.69583333,5.804166667
100252,31.70416667,9.229166667
100253,31.74583333,6.045833333
100254,31.75416667,-8.104166667
100255,31.84583333,11.3375
100256,31.85416667,5.054166667
100257,31.87083333,11.57916667
100258,31.87083333,10.97916667
100259,31.87916667,11.8875
100260,31.94583333,11.99583333
100261,31.95416667,10.67083333
100262,31.95416667,5.3375
100263,31.97916667,11.15416667
100264,32.0125,11.35416667
100265,32.05416667,-1.254166667
100266,32.0625,11.5375
100267,32.12083333,-7.904166667
100268,32.1375,6.470833333
100269,32.1625,5.329166667
100270,32.27916667,3.9875
100271,32.27916667,3.6125
100272,32.29583333,10.97083333
100273,32.37083333,3.7875
100274,32.39583333,4.220833333
100275,32.40416667,4.0125
100276,32.47083333,3.704166667
100277,32.52916667,6.695833333
100278,32.55416667,3.5875
100279,32.74583333,3.179166667
100280,32.7625,-0.5875
100281,32.79583333,4.4875
100282,32.82916667,3.7625
100283,32.87916667,11.99583333
100284,32.90416667,0.545833333
100285,32.9375,10.44583333
100286,32.94583333,3.245833333
100287,32.95416667,11.8625
100288,33.10416667,6.420833333
100289,33.1125,6.045833333
100290,33.12083333,3.329166667
100291,33.12916667,-8.629166667
100292,33.14583333,11.2125
100293,33.24583333,6.754166667
100294,33.27083333,6.929166667
100295,33.27083333,-0.320833333
100296,33.35416667,10.49583333
100297,33.4625,9.020833333
100298,33.50416667,11.10416667
100299,33.52916667,5.9875
100300,33.5375,6.770833333
100301,33.55416667,-0.279166667
100302,33.5625,6.9125
100303,33.6875,1.020833333
100304,33.7125,8.970833333
100305,33.77916667,8.829166667
100306,33.8125,-7.170833333
100307,33.87916667,7.879166667
100308,33.8875,9.7875
100309,33.92916667,8.120833333
100310,33.95416667,5.920833333
100311,34.0375,0.0875
100312,34.32083333,8.404166667
100313,34.3375,10.1375
100314,34.42916667,8.7875
100315,34.4375,5.0625
100316,34.6125,10.59583333
100317,34.6125,5.104166667
100318,34.64583333,-1.329166667
100319,34.6625,5.529166667
100320,34.6875,6.495833333
100321,34.72083333,5.2875
100322,34.72916667,5.395833333
100323,34.75416667,8.054166667
100324,35.0375,9.479166667
100325,35.04583333,7.004166667
100326,35.07916667,3.029166667
100327,35.10416667,-2.270833333
100328,35.22916667,5.704166667
100329,35.45416667,2.904166667
100330,35.4875,6.254166667
100331,35.50416667,6.470833333
100332,35.50416667,6.054166667
100333,35.52083333,5.920833333
100334,35.62083333,-0.745833333
100335,35.64583333,6.279166667
100336,35.67083333,10.09583333
100337,35.67083333,4.879166667
100338,35.67083333,3.879166667
100339,35.7125,6.320833333
100340,35.74583333,-5.345833333
100341,35.82083333,-0.229166667
100342,35.8625,6.004166667
100343,35.87916667,7.104166667
100344,35.8875,-5.504166667
100345,35.89583333,3.770833333
100346,35.92916667,4.379166667
100347,35.94583333,4.6875
100348,36.09583333,9.3625
100349,36.17083333,8.704166667
100350,36.19583333,-5.429166667
100351,36.2375,6.929166667
100352,36.3875,10.59583333
100353,36.40416667,10.1375
100354,36.52083333,-5.0375
100355,36.54583333,10.05416667
100356,36.69583333,-6.120833333
100357,36.72916667,9.1875
100358,36.74583333,-5.1625
100359,36.7625,-5.795833333
100360,36.90416667,8.429166667
100361,36.92916667,-6.079166667
100362,36.9375,-2.154166667
100363,36.99583333,-6.554166667
100364,37.02916667,-4.554166667
100365,37.0375,-8.029166667
100366,37.12083333,-7.945833333
100367,37.12083333,-8.145833333
100368,37.12083333,-8.370833333
100369,37.12916667,-5.454166667
100370,37.1875,-6.895833333
100371,37.19583333,-5.7875
100372,37.22083333,-7.479166667
100373,37.24583333,-5.1125
100374,-17.92083333,19.77083333
100375,-14.9875,13.6875
100376,-14.7375,13.77916667
100377,-13.22083333,15.82916667
100378,-12.7125,13.62916667
100379,-12.32083333,15.74583333
100380,-9.6375,16.19583333
100381,-9.454166667,16.39583333
100382,-9.1625,13.15416667
100383,-9.1375,13.42916667
100384,-8.9375,13.52916667
100385,-8.7875,13.54583333
100386,-8.654166667,13.42083333
100387,-7.5625,15.09583333
100388,-6.9875,23.47916667
100389,-6.470833333,23.64583333
100390,-6.120833333,23.59583333
100391,-5.895833333,22.47083333
100392,-5.870833333,13.49583333
100393,-5.854166667,22.27083333
100394,-5.795833333,13.05416667
100395,-5.7875,22.65416667
100396,-5.4125,12.40416667
100397,-5.054166667,18.80416667
100398,-4.795833333,11.97083333
100399,-4.3875,15.42916667
100400,-17.07083333,15.72083333
100401,-16.10416667,23.29583333
100402,-15.27083333,23.15416667
100403,-15.19583333,12.15416667
100404,-15.15416667,19.1625
100405,-14.92083333,13.47916667
100406,-14.7375,15.02083333
100407,-14.65416667,17.67916667
100408,-12.77083333,15.7375
100409,-12.6125,13.20416667
100410,-12.57083333,13.39583333
100411,-12.35416667,13.55416667
100412,-11.77916667,19.89583333
100413,-11.19583333,13.84583333
100414,-10.72916667,13.75416667
100415,-9.7375,15.12083333
100416,-9.729166667,14.47083333
100417,-9.6875,14.4375
100418,-9.6625,20.39583333
100419,-9.404166667,20.29583333
100420,-9.295833333,14.9125
100421,-8.579166667,13.64583333
100422,-7.845833333,12.10416667
100423,-7.654166667,11.67916667
100424,-7.5875,12.09583333
100425,-7.470833333,11.5625
100426,-7.3875,20.82083333
100427,-7.129166667,12.37083333
100428,-6.179166667,12.37083333
100429,-5.954166667,12.1625
100430,-5.929166667,12.39583333
100431,-5.8375,12.32083333
100432,-5.6625,11.80416667
100433,-5.5625,12.1875
100434,-5.395833333,12.1625
100435,-5.395833333,11.6625
100436,-5.3875,12.07083333
100437,-5.379166667,11.4625
100438,-5.270833333,11.5625
100439,-5.254166667,11.84583333
100440,-5.2125,11.70416667
100441,-5.020833333,11.64583333
100442,-4.520833333,11.4625
100443,-4.495833333,12.05416667
100444,-26.90416667,28.07083333
100445,-26.90416667,27.87916667
100446,-26.90416667,27.49583333
100447,-26.84583333,26.8625
100448,-26.80416667,25.9875
100449,-26.74583333,27.00416667
100450,-26.7375,26.42083333
100451,-26.65416667,28.6125
100452,-26.57916667,29.0625
100453,-26.57083333,28.32916667
100454,-26.5625,25.82916667
100455,-26.5125,27.47083333
100456,-26.4625,27.37916667
100457,-26.45416667,27.7875
100458,-26.44583333,28.5125
100459,-26.42083333,25.17916667
100460,-26.40416667,29.07083333
100461,-26.37916667,28.92916667
100462,-26.32916667,27.30416667
100463,-26.32916667,26.30416667
100464,-26.32083333,26.79583333
100465,-26.29583333,25.12916667
100466,-26.2375,29.27916667
100467,-26.1875,26.1375
100468,-26.07916667,25.87916667
100469,-25.99583333,29.0375
100470,-25.85416667,26.8875
100471,-25.75416667,27.67083333
100472,-25.72083333,28.7375
100473,-25.62916667,26.67916667
100474,-25.47916667,29.02083333
100475,-25.4625,28.64583333
100476,-25.45416667,25.87083333
100477,-25.4375,27.4875
100478,-25.32083333,29.24583333
100479,-25.1625,25.6875
100480,-24.97083333,27.27083333
100481,-24.8875,28.32916667
100482,-24.7875,27.27916667
100483,-24.69583333,28.44583333
100484,-24.57916667,27.39583333
100485,-24.52916667,28.72916667
100486,-24.37083333,29.37916667
100487,-24.29583333,28.12916667
100488,-23.6625,27.64583333
100489,-23.32083333,29.2375
100490,-22.04583333,27.84583333
100491,-20.92916667,29.00416667
100492,-20.24583333,28.52916667
100493,-20.19583333,28.67916667
100494,-20.0875,28.4375
100495,-20.05416667,28.5625
100496,-18.22916667,28.9375
100497,-17.95416667,25.84583333
100498,-17.77916667,25.7125
100499,-26.79583333,27.8875
100500,-26.75416667,27.72083333
100501,-26.72916667,27.97083333
100502,-26.57083333,29.17083333
100503,-26.42916667,28.0125
100504,-26.39583333,28.2875
100505,-26.37083333,28.4875
100506,-26.3625,27.95416667
100507,-26.32083333,28.3125
100508,-26.2625,29.14583333
100509,-26.1375,28.77083333
100510,-26.07916667,28.97916667
100511,-26.05416667,29.17916667
100512,-26.0125,29.37916667
100513,-26.0125,22.40416667
100514,-26.00416667,27.82916667
100515,-25.97916667,28.34583333
100516,-25.94583333,29.17083333
100517,-25.9375,27.90416667
100518,-25.9125,28.92916667
100519,-25.8625,28.0375
100520,-25.82916667,28.4125
100521,-25.79583333,27.9375
100522,-25.7375,27.3875
100523,-25.69583333,28.00416667
100524,-25.62083333,28.34583333
100525,-25.5875,28.19583333
100526,-24.97916667,25.32916667
100527,-24.9625,29.27916667
100528,-24.62083333,25.8875
100529,-24.57916667,24.72083333
100530,-24.52916667,24.70416667
100531,-24.39583333,25.5125
100532,-24.3875,26.12916667
100533,-23.97083333,28.90416667
100534,-23.67083333,27.54583333
100535,-23.10416667,26.82083333
100536,-22.5375,27.10416667
100537,-22.4375,29.3125
100538,-22.39583333,26.7125
100539,-21.9375,27.84583333
100540,-21.69583333,21.6375
100541,-21.42083333,27.44583333
100542,-21.4125,25.57916667
100543,-21.3125,25.37083333
100544,-21.27083333,27.47083333
100545,-20.62083333,27.44583333
100546,-19.9875,23.42083333
100547,-17.77916667,25.20416667
100548,9.4125,-0.6875
100549,9.4125,-0.9375
100550,9.529166667,-0.8625
100551,10.72083333,-0.945833333
100552,10.92916667,0.1875
100553,11.17083333,-4.2375
100554,11.17083333,-4.479166667
100555,11.80416667,-0.745833333
100556,12.2125,-1.595833333
100557,12.2375,-0.4125
100558,12.2625,-1.4375
100559,12.44583333,-5.5125
100560,12.49583333,-1.5125
100561,13.32083333,-4.895833333
100562,13.42916667,2.070833333
100563,13.57083333,2.195833333
100564,13.57916667,2.020833333
100565,13.6125,-2.4375
100566,14.3375,-3.604166667
100567,14.45416667,-4.904166667
100568,14.4875,-4.1625
100569,9.454166667,-0.0125
100570,9.595833333,-5.204166667
100571,9.704166667,1.6625
100572,10.05416667,-2.5125
100573,-4.3375,30.62916667
100574,-4.320833333,30.44583333
100575,-4.2875,29.6375
100576,-4.1375,29.52916667
100577,-3.9625,29.49583333
100578,-3.6375,30.72083333
100579,-2.5125,30.65416667
100580,-2.3125,29.17916667
100581,1.654166667,9.870833333
100582,3.670833333,8.779166667
100583,3.720833333,11.52916667
100584,3.770833333,11.60416667
100585,3.8375,11.39583333
100586,3.8375,9.704166667
100587,3.929166667,9.829166667
100588,4.104166667,9.845833333
100589,4.170833333,9.354166667
100590,4.1875,9.795833333
100591,4.870833333,8.379166667
100592,4.9125,8.570833333
100593,5.529166667,10.52083333
100594,5.795833333,10.22916667
100595,6.1875,9.9875
100596,6.645833333,9.004166667
100597,7.7125,8.5375
100598,8.854166667,11.47083333
100599,8.970833333,11.35416667
100600,9.170833333,12.59583333
100601,9.8125,11.17916667
100602,9.945833333,11.99583333
100603,10.0125,8.9375
100604,10.20416667,13.3875
100605,10.32083333,11.25416667
100606,10.82916667,13.52083333
100607,11.7125,11.2125
100608,11.74583333,13.15416667
100609,11.90416667,13.25416667
100610,12.02083333,15.1125
100611,12.17083333,14.92916667
100612,12.20416667,14.27083333
100613,12.22083333,15.0375
100614,12.60416667,9.3625
100615,1.654166667,11.29583333
100616,1.870833333,9.729166667
100617,2.154166667,11.3375
100618,2.3125,11.32916667
100619,2.320833333,10.6875
100620,2.420833333,10.82916667
100621,2.479166667,10.54583333
100622,2.5375,10.8875
100623,2.620833333,11.1875
100624,2.729166667,10.7625
100625,2.820833333,10.87916667
100626,3.070833333,10.9125
100627,3.804166667,10.12083333
100628,3.954166667,11.52916667
100629,4.3625,8.379166667
100630,4.4375,8.645833333
100631,7.329166667,13.57916667
100632,9.320833333,13.3875
100633,10.2875,11.15416667
100634,14.92916667,-24.3375
100635,15.0875,-23.62916667
100636,15.2625,-23.7125
100637,16.8375,-24.95416667
100638,17.1375,-25.12083333
100639,14.92083333,-23.5125
100640,16.60416667,-22.92083333
100641,16.75416667,-22.95416667
100642,12.02083333,15.1125
100643,12.17083333,14.92916667
100644,12.20416667,14.27083333
100645,12.22083333,15.0375
100646,8.345833333,16.32916667
100647,10.25416667,16.94583333
100648,10.2875,16.72916667
100649,13.44583333,22.4375
100650,-13.22083333,15.82916667
100651,-13.05416667,28.7375
100652,-12.9125,28.42083333
100653,-12.7125,13.62916667
100654,-12.65416667,28.20416667
100655,-12.32083333,15.74583333
100656,-11.67916667,27.45416667
100657,-11.00416667,26.85416667
100658,-10.9625,26.72083333
100659,-9.6375,16.19583333
100660,-9.454166667,16.39583333
100661,-9.1625,13.15416667
100662,-9.1375,13.42916667
100663,-8.9375,13.52916667
100664,-8.7875,13.54583333
100665,-8.654166667,13.42083333
100666,-7.5625,15.09583333
100667,-6.9875,23.47916667
100668,-6.479166667,23.64583333
100669,-6.3375,31.0875
100670,-6.120833333,23.59583333
100671,-5.895833333,22.47083333
100672,-5.870833333,13.49583333
100673,-5.854166667,22.27083333
100674,-5.795833333,13.05416667
100675,-5.7875,22.65416667
100676,-5.4125,12.40416667
100677,-5.054166667,18.80416667
100678,-4.8375,29.6875
100679,-4.5625,30.12083333
100680,-4.529166667,15.44583333
100681,-4.429166667,15.17083333
100682,-4.3375,30.62916667
100683,-4.320833333,30.44583333
100684,-4.2875,29.6375
100685,-4.245833333,15.39583333
100686,-4.1375,29.52916667
100687,-3.9625,29.49583333
100688,-3.6375,30.72916667
100689,-3.329166667,17.45416667
100690,-2.970833333,25.9125
100691,-2.670833333,28.49583333
100692,-2.654166667,31.30416667
100693,-2.5125,30.65416667
100694,-2.354166667,29.19583333
100695,-2.2125,30.6125
100696,-2.154166667,29.05416667
100697,-1.970833333,29.07916667
100698,-1.545833333,31.15416667
100699,-1.5125,30.87083333
100700,-1.4125,28.82916667
100701,-1.0875,28.8125
100702,-0.4375,31.30416667
100703,-0.2875,30.1125
100704,-0.195833333,30.20416667
100705,-0.104166667,18.2625
100706,-0.095833333,30.49583333
100707,0.0375,29.80416667
100708,0.1375,29.2875
100709,0.179166667,30.04583333
100710,0.1875,25.04583333
100711,0.479166667,29.45416667
100712,0.5125,25.20416667
100713,0.654166667,30.12083333
100714,0.670833333,25.45416667
100715,0.829166667,25.3375
100716,0.979166667,30.77916667
100717,1.5125,31.30416667
100718,3.120833333,30.92916667
100719,4.379166667,18.5625
100720,4.745833333,22.8375
100721,5.054166667,21.22083333
100722,-13.22916667,30.22916667
100723,-12.84583333,28.0875
100724,-12.77083333,15.7375
100725,-12.6125,13.20416667
100726,-12.57083333,27.8375
100727,-12.57083333,13.39583333
100728,-12.5375,28.2375
100729,-12.3625,27.8375
100730,-12.35416667,13.55416667
100731,-12.27083333,25.8625
100732,-12.27083333,25.29583333
100733,-12.2375,27.7875
100734,-12.17083333,26.39583333
100735,-12.0875,26.4125
100736,-11.77916667,19.89583333
100737,-11.75416667,27.2375
100738,-11.19583333,28.8875
100739,-11.19583333,13.84583333
100740,-10.7875,25.80416667
100741,-10.7375,26.40416667
100742,-10.72916667,13.75416667
100743,-10.70416667,25.4375
100744,-10.57083333,26.3125
100745,-10.5625,26.1875
100746,-10.22083333,31.1875
100747,-9.7375,15.12083333
100748,-9.729166667,14.47083333
100749,-9.6875,14.4375
100750,-9.6625,20.39583333
100751,-9.404166667,20.29583333
100752,-9.295833333,14.9125
100753,-8.579166667,13.64583333
100754,-7.845833333,12.0375
100755,-7.5875,12.09583333
100756,-7.3875,20.82083333
100757,-7.129166667,12.37083333
100758,-6.179166667,12.37083333
100759,-5.954166667,12.1625
100760,-5.929166667,12.39583333
100761,-5.8375,12.32083333
100762,-5.5625,12.1875
100763,-5.395833333,12.1625
100764,-5.379166667,12.0375
100765,-4.504166667,12.0375
100766,-4.2875,15.1625
100767,-4.195833333,12.67083333
100768,-4.1375,15.25416667
100769,-3.004166667,12.57916667
100770,-1.620833333,13.5875
100771,-1.145833333,15.97083333
100772,-0.4875,15.89583333
100773,0.3125,29.87916667
100774,1.6125,16.04583333
100775,-5.145833333,12.47083333
100776,-4.795833333,11.97083333
100777,-4.529166667,15.44583333
100778,-4.429166667,15.17083333
100779,-4.245833333,15.39583333
100780,-3.329166667,17.45416667
100781,-0.104166667,18.2625
100782,3.7125,11.50416667
100783,-5.145833333,11.70416667
100784,-5.020833333,11.64583333
100785,-4.920833333,11.37916667
100786,-4.729166667,11.37916667
100787,-4.5125,11.42083333
100788,-4.495833333,12.05416667
100789,-4.479166667,11.25416667
100790,-4.2875,15.1625
100791,-4.195833333,12.67083333
100792,-4.1375,15.25416667
100793,-3.004166667,12.57916667
100794,-1.620833333,13.5875
100795,-1.145833333,15.97083333
100796,-0.4875,15.89583333
100797,1.6125,16.04583333
100798,1.629166667,11.30416667
100799,2.154166667,11.3375
100800,2.3125,11.32916667
100801,2.620833333,11.1875
100802,11.5625,42.97083333
100803,12.65416667,43.4125
100804,24.00416667,32.67083333
100805,24.5625,32.80416667
100806,24.79583333,33.07083333
100807,24.80416667,33.2125
100808,25.3875,32.4625
100809,26.60416667,31.5125
100810,27.02916667,33.8625
100811,27.2875,33.70416667
100812,28.2125,30.55416667
100813,29.17083333,30.60416667
100814,29.40416667,30.44583333
100815,29.9125,31.4125
100816,29.97916667,31.6375
100817,30.32083333,30.44583333
100818,30.3375,30.69583333
100819,30.34583333,32.15416667
100820,30.47916667,30.1625
100821,30.69583333,30.3125
100822,30.7875,32.1375
100823,30.8375,29.74583333
100824,31.02083333,32.09583333
100825,31.3125,31.8375
100826,31.34583333,30.07916667
100827,31.39583333,30.82916667
100828,31.40416667,32.00416667
100829,31.4125,30.34583333
100830,31.45416667,30.4875
100831,31.4625,31.4375
100832,31.47083333,30.64583333
100833,31.50416667,31.9125
100834,31.5125,34.69583333
100835,31.5125,31.2875
100836,31.55416667,35.30416667
100837,31.6875,35.37916667
100838,31.7375,35.6625
100839,22.37083333,31.60416667
100840,22.40416667,36.40416667
100841,23.12916667,35.57916667
100842,23.97916667,32.8875
100843,24.17083333,32.87083333
100844,24.39583333,32.92916667
100845,24.4625,33.05416667
100846,24.67916667,30.59583333
100847,24.95416667,34.70416667
100848,24.99583333,32.87916667
100849,25.07083333,34.8875
100850,25.12916667,32.7375
100851,25.3875,30.10416667
100852,25.44583333,30.54583333
100853,25.5125,28.9875
100854,25.54583333,29.27083333
100855,25.55416667,34.6125
100856,25.70416667,28.89583333
100857,25.9625,32.32916667
100858,26.10416667,32.85416667
100859,26.12083333,34.2625
100860,26.24583333,36.47083333
100861,26.24583333,32.74583333
100862,26.2625,32.95416667
100863,26.3375,31.72083333
100864,26.42083333,31.64583333
100865,26.75416667,33.92916667
100866,26.84583333,36.8875
100867,27.15416667,33.80416667
100868,27.15416667,31.00416667
100869,27.22083333,35.82916667
100870,27.27083333,36.4625
100871,27.2875,31.29583333
100872,27.34583333,35.7125
100873,27.40416667,36.4875
100874,27.47083333,33.62083333
100875,27.55416667,35.54583333
100876,27.69583333,35.47916667
100877,27.82083333,33.57083333
100878,27.8875,34.29583333
100879,27.8875,33.44583333
100880,27.97916667,34.3875
100881,28.0375,35.22916667
100882,28.05416667,33.3375
100883,28.10416667,30.84583333
100884,28.12916667,33.2625
100885,28.20416667,36.67916667
100886,28.24583333,33.62083333
100887,28.27916667,33.32083333
100888,28.35416667,33.07916667
100889,28.35416667,28.87916667
100890,28.40416667,34.7375
100891,28.4125,36.5625
100892,28.4875,35.00416667
100893,28.49583333,34.49583333
100894,28.57083333,33.95416667
100895,28.64583333,33.2125
100896,28.7625,32.74583333
100897,28.87083333,36.25416667
100898,28.92083333,33.1875
100899,28.99583333,34.65416667
100900,29.0625,33.10416667
100901,29.07083333,36.2125
100902,29.1375,31.27083333
100903,29.17916667,36.07083333
100904,29.2125,25.52083333
100905,29.22083333,32.62083333
100906,29.27916667,34.94583333
100907,29.27916667,32.60416667
100908,29.35416667,31.09583333
100909,29.37916667,34.97083333
100910,29.37916667,32.55416667
100911,29.39583333,34.79583333
100912,29.44583333,32.47916667
100913,29.52083333,31.3625
100914,29.52916667,28.44583333
100915,29.54583333,34.97916667
100916,29.55416667,28.52916667
100917,29.57083333,30.8875
100918,29.5875,32.72916667
100919,29.64583333,32.3125
100920,29.6625,28.3625
100921,29.72083333,31.3875
100922,29.72916667,32.69583333
100923,29.74583333,32.39583333
100924,29.77083333,32.19583333
100925,29.79583333,32.12916667
100926,29.79583333,30.57083333
100927,29.80416667,35.30416667
100928,29.82083333,31.1375
100929,29.85416667,27.94583333
100930,29.90416667,32.44583333
100931,29.9125,36.1375
100932,29.9125,31.75416667
100933,29.9375,31.04583333
100934,29.95416667,30.82083333
100935,29.99583333,27.80416667
100936,30.0125,32.47083333
100937,30.05416667,31.50416667
100938,30.09583333,32.55416667
100939,30.1125,30.97916667
100940,30.1375,31.75416667
100941,30.15416667,30.79583333
100942,30.1875,31.55416667
100943,30.2125,35.72083333
100944,30.22916667,32.47083333
100945,30.27916667,31.49583333
100946,30.29583333,31.44583333
100947,30.30416667,31.77916667
100948,30.32083333,36.17083333
100949,30.32916667,35.4875
100950,30.35416667,30.32916667
100951,30.37083333,30.50416667
100952,30.45416667,32.40416667
100953,30.5125,35.5375
100954,30.5375,28.49583333
100955,30.5375,26.07916667
100956,30.5625,31.82916667
100957,30.57916667,31.9375
100958,30.59583333,35.79583333
100959,30.59583333,32.10416667
100960,30.62916667,34.79583333
100961,30.67083333,26.3625
100962,30.77083333,27.09583333
100963,30.82916667,26.47083333
100964,30.8375,35.97916667
100965,30.8375,35.62083333
100966,30.8375,29.17916667
100967,30.8375,28.9625
100968,30.8625,32.32916667
100969,30.87083333,29.2875
100970,30.87916667,29.37083333
100971,30.89583333,34.44583333
100972,30.90416667,30.1625
100973,30.94583333,29.54583333
100974,30.9625,28.7625
100975,30.97916667,32.75416667
100976,30.99583333,34.92083333
100977,31.00416667,34.75416667
100978,31.02083333,33.00416667
100979,31.02083333,28.60416667
100980,31.02916667,29.62916667
100981,31.0375,35.37083333
100982,31.0375,28.4375
100983,31.04583333,35.1875
100984,31.0625,35.02083333
100985,31.09583333,26.6125
100986,31.10416667,32.3375
100987,31.12083333,33.69583333
100988,31.17083333,35.72083333
100989,31.17916667,34.55416667
100990,31.19583333,34.34583333
100991,31.24583333,36.0375
100992,31.25416667,34.80416667
100993,31.25416667,34.42083333
100994,31.27083333,35.52916667
100995,31.32083333,32.14583333
100996,31.32916667,34.62083333
100997,31.34583333,27.2625
100998,31.39583333,34.7625
100999,31.40416667,27.05416667
101000,31.42083333,34.59583333
101001,31.4875,31.72083333
101002,31.52083333,37.1125
101003,31.52083333,25.8875
101004,31.54583333,25.15416667
101005,31.60416667,34.77083333
101006,31.60416667,25.92916667
101007,31.6125,25.04583333
101008,31.67916667,34.5375
101009,31.72916667,34.7375
101010,31.75416667,25.07083333
101011,31.82916667,36.79583333
101012,31.82916667,35.99583333
101013,31.82916667,35.65416667
101014,0.304166667,6.654166667
101015,0.320833333,9.570833333
101016,0.470833333,9.529166667
101017,1.704166667,9.8625
101018,1.804166667,10.05416667
101019,3.670833333,8.779166667
101020,3.9875,9.679166667
101021,3.9875,9.395833333
101022,-1.529166667,8.729166667
101023,-1.520833333,9.945833333
101024,-1.454166667,9.1125
101025,-1.179166667,8.804166667
101026,-1.0875,10.24583333
101027,-0.729166667,8.770833333
101028,-0.4875,10.9125
101029,-0.3875,9.3375
101030,0.0375,10.1375
101031,0.195833333,10.1375
101032,0.520833333,9.379166667
101033,0.745833333,10.02916667
101034,0.870833333,10.12083333
101035,0.9875,10.12916667
101036,1.079166667,10.22083333
101037,1.454166667,10.3625
101038,1.495833333,9.295833333
101039,1.629166667,11.29583333
101040,1.870833333,9.729166667
101041,2.154166667,11.3625
101042,2.3125,11.32916667
101043,2.320833333,10.6875
101044,2.420833333,10.82916667
101045,2.479166667,10.54583333
101046,2.5375,10.8875
101047,2.620833333,11.1875
101048,2.729166667,10.7625
101049,2.820833333,10.87916667
101050,3.070833333,10.9125
101051,3.145833333,6.820833333
101052,3.4625,5.554166667
101053,3.570833333,7.3875
101054,3.804166667,10.12083333
101055,3.870833333,8.129166667
101056,3.9375,6.404166667
101057,3.979166667,7.7625
101058,3.9875,7.279166667
101059,3.395833333,40.2125
101060,3.504166667,39.0625
101061,3.545833333,34.12916667
101062,3.745833333,34.8375
101063,3.9125,41.22083333
101064,3.920833333,41.82083333
101065,5.3375,39.5875
101066,5.8625,38.37083333
101067,6.1625,36.6375
101068,6.245833333,37.52916667
101069,6.295833333,36.8875
101070,7.004166667,35.62083333
101071,7.029166667,37.12916667
101072,7.070833333,39.9875
101073,7.2625,35.42916667
101074,7.270833333,36.24583333
101075,7.7875,36.64583333
101076,8.245833333,34.5875
101077,8.304166667,35.5875
101078,8.445833333,36.34583333
101079,8.7875,40.49583333
101080,8.9125,38.87083333
101081,8.9375,41.6375
101082,9.079166667,36.55416667
101083,9.104166667,38.80416667
101084,9.145833333,39.02083333
101085,9.170833333,35.8375
101086,9.345833333,41.32916667
101087,9.4375,42.07083333
101088,9.5625,37.10416667
101089,9.654166667,39.52083333
101090,11.5625,42.97083333
101091,12.4375,39.54583333
101092,12.4625,37.30416667
101093,12.65416667,43.4125
101094,12.74583333,45.0375
101095,12.77083333,39.54583333
101096,12.90416667,44.9125
101097,12.92083333,45.07083333
101098,13.0625,44.87916667
101099,13.1375,45.4125
101100,13.35416667,44.04583333
101101,13.47916667,39.54583333
101102,13.62916667,38.99583333
101103,13.74583333,44.72916667
101104,13.77916667,39.60416667
101105,13.80416667,45.2125
101106,13.9875,45.5625
101107,14.0125,35.3875
101108,14.07083333,35.32083333
101109,14.0875,38.27916667
101110,14.17083333,33.7125
101111,14.27916667,36.6125
101112,14.32916667,44.90416667
101113,14.39583333,37.79583333
101114,14.4375,33.6125
101115,14.52083333,33.4625
101116,14.72083333,42.97083333
101117,14.89583333,42.97916667
101118,9.5625,44.0625
101119,10.4375,45.00416667
101120,11.22083333,35.07916667
101121,12.7625,44.89583333
101122,13.19583333,38.42083333
101123,13.54583333,33.59583333
101124,13.99583333,39.7375
101125,0.320833333,9.570833333
101126,0.470833333,9.529166667
101127,1.704166667,9.8625
101128,1.804166667,10.05416667
101129,-3.920833333,10.9375
101130,-3.679166667,10.72916667
101131,-3.129166667,10.2125
101132,-3.004166667,12.57916667
101133,-2.420833333,9.8625
101134,-2.220833333,9.179166667
101135,-2.070833333,9.804166667
101136,-2.070833333,9.1625
101137,-2.029166667,9.995833333
101138,-1.954166667,9.870833333
101139,-1.804166667,9.795833333
101140,-1.795833333,9.295833333
101141,-1.620833333,13.5875
101142,-1.529166667,8.729166667
101143,-1.520833333,9.945833333
101144,-1.454166667,9.1125
101145,-1.179166667,8.804166667
101146,-1.0875,10.24583333
101147,-0.729166667,8.770833333
101148,-0.4875,10.9125
101149,-0.3875,9.3375
101150,0.0375,10.1375
101151,0.195833333,10.1375
101152,0.520833333,9.379166667
101153,0.745833333,10.02916667
101154,0.870833333,10.12083333
101155,0.9875,10.12916667
101156,1.079166667,10.22083333
101157,1.454166667,10.3625
101158,1.495833333,9.295833333
101159,1.629166667,11.30416667
101160,1.870833333,9.729166667
101161,2.154166667,11.3375
101162,2.320833333,11.3375
101163,2.320833333,10.6875
101164,13.25416667,-16.69583333
101165,13.35416667,-16.77916667
101166,4.829166667,-2.045833333
101167,5.020833333,-1.795833333
101168,5.129166667,-1.495833333
101169,5.2625,-1.1875
101170,5.495833333,-0.245833333
101171,5.570833333,-0.754166667
101172,5.829166667,-0.070833333
101173,5.854166667,0.829166667
101174,5.895833333,0.4625
101175,6.120833333,1.0125
101176,6.270833333,1.270833333
101177,6.370833333,-1.5375
101178,6.579166667,-1.770833333
101179,6.6375,-1.370833333
101180,6.829166667,0.479166667
101181,6.9875,-1.5625
101182,8.3375,0.995833333
101183,9.329166667,-0.920833333
101184,9.3875,-0.6875
101185,9.420833333,-0.9375
101186,9.529166667,-0.8625
101187,10.72083333,-0.945833333
101188,10.9125,0.195833333
101189,4.5375,-3.1375
101190,5.295833333,-2.0125
101191,5.7875,0.029166667
101192,7.345833333,-2.329166667
101193,9.0875,-1.820833333
101194,9.270833333,-3.004166667
101195,9.454166667,-0.0125
101196,10.05416667,-2.5125
101197,10.9125,-14.27916667
101198,11.87083333,-15.64583333
101199,12.47083333,-16.3625
101200,10.65416667,-14.62083333
101201,-4.895833333,38.37916667
101202,-4.895833333,35.77916667
101203,-4.529166667,35.37916667
101204,-4.470833333,39.47083333
101205,-4.3625,37.9875
101206,-4.2375,35.74583333
101207,-4.1875,39.57083333
101208,-3.845833333,35.55416667
101209,-3.820833333,39.65416667
101210,-3.795833333,39.42083333
101211,-3.6875,37.65416667
101212,-3.5875,36.99583333
101213,-3.554166667,39.8625
101214,-3.404166667,38.34583333
101215,-3.379166667,39.9375
101216,-3.379166667,38.57083333
101217,-3.379166667,35.85416667
101218,-3.370833333,36.7375
101219,-3.370833333,35.67916667
101220,-3.304166667,36.44583333
101221,-3.2625,37.47083333
101222,-3.229166667,40.0625
101223,-2.920833333,37.54583333
101224,-2.829166667,33.9125
101225,-2.279166667,37.82916667
101226,-2.270833333,40.8875
101227,-1.8375,36.79583333
101228,-1.8375,34.67083333
101229,-1.779166667,37.4375
101230,-1.545833333,36.85416667
101231,-1.495833333,40.04583333
101232,-1.4375,37.3625
101233,-1.429166667,36.67916667
101234,-1.3625,38.0125
101235,-1.104166667,34.4875
101236,-1.079166667,36.6875
101237,-1.004166667,34.1125
101238,-0.9375,38.0625
101239,-0.820833333,35.62916667
101240,-0.804166667,34.1625
101241,-0.770833333,36.54583333
101242,-0.754166667,35.1125
101243,-0.695833333,36.3875
101244,-0.695833333,34.09583333
101245,-0.679166667,37.12083333
101246,-0.5875,35.64583333
101247,-0.5375,36.02083333
101248,-0.4625,34.0125
101249,-0.454166667,39.65416667
101250,-0.429166667,37.60416667
101251,-0.404166667,36.5625
101252,-0.404166667,34.1875
101253,-0.395833333,34.55416667
101254,-0.2875,36.79583333
101255,-0.2625,34.3125
101256,-0.145833333,37.6625
101257,-0.0625,34.0625
101258,0.0125,35.37083333
101259,0.020833333,37.0875
101260,0.045833333,37.2625
101261,0.045833333,35.7375
101262,0.079166667,33.9875
101263,0.0875,40.27083333
101264,0.1125,37.80416667
101265,0.345833333,37.57916667
101266,0.354166667,35.5625
101267,0.420833333,36.32083333
101268,0.470833333,36.02916667
101269,0.470833333,35.77083333
101270,0.6625,35.8125
101271,0.6625,35.49583333
101272,1.070833333,35.59583333
101273,1.1375,36.69583333
101274,1.379166667,34.4625
101275,1.404166667,34.65416667
101276,1.745833333,40.0625
101277,1.779166667,36.7875
101278,1.795833333,34.57083333
101279,2.320833333,37.99583333
101280,2.529166667,34.65416667
101281,2.795833333,40.92916667
101282,3.004166667,34.1125
101283,3.095833333,35.5625
101284,3.229166667,41.27083333
101285,3.395833333,40.22083333
101286,3.504166667,39.0625
101287,3.545833333,34.12916667
101288,3.745833333,34.8375
101289,3.9125,41.22083333
101290,3.920833333,41.8125
101291,-30.5375,29.45416667
101292,-30.52916667,27.3875
101293,-30.29583333,27.10416667
101294,-30.27083333,28.79583333
101295,-29.8625,27.2375
101296,-29.1625,27.4625
101297,-28.9125,27.92916667
101298,-28.90416667,27.5625
101299,-28.67916667,27.42083333
101300,-28.57083333,28.84583333
101301,5.879166667,-10.0375
101302,6.354166667,-10.70416667
101303,7.3875,-7.554166667
101304,7.520833333,-7.629166667
101305,7.7375,-8.829166667
101306,7.879166667,-11.1875
101307,8.554166667,-9.454166667
101308,8.554166667,-10.10416667
101309,32.67083333,13.45416667
101310,32.7125,13.52916667
101311,24.19583333,23.27083333
101312,24.55416667,9.479166667
101313,24.8875,14.52083333
101314,24.90416667,10.17916667
101315,24.95416667,10.17916667
101316,25.67916667,21.09583333
101317,25.92083333,13.92083333
101318,25.9375,14.4375
101319,26.09583333,13.5125
101320,26.1125,13.67083333
101321,26.1375,14.72916667
101322,26.52916667,13.00416667
101323,26.55416667,13.10416667
101324,26.59583333,12.77083333
101325,27.04583333,14.42916667
101326,27.4875,13.79583333
101327,27.50416667,13.9875
101328,27.52916667,9.620833333
101329,27.5625,14.2375
101330,27.5625,13.62083333
101331,27.5875,14.35416667
101332,27.59583333,21.60416667
101333,27.65416667,22.4875
101334,27.72083333,9.8875
101335,27.9875,22.32083333
101336,28.04583333,9.5625
101337,28.07916667,9.7875
101338,28.19583333,9.804166667
101339,28.55416667,17.5375
101340,28.64583333,9.795833333
101341,28.69583333,21.39583333
101342,28.8375,22.1125
101343,28.8875,9.945833333
101344,28.9125,20.9625
101345,28.9125,19.77083333
101346,28.92916667,9.745833333
101347,29.0375,21.52916667
101348,29.04583333,20.77916667
101349,29.07916667,15.77916667
101350,29.1125,15.9375
101351,29.14583333,21.29583333
101352,29.17083333,16.14583333
101353,29.2125,19.20416667
101354,29.24583333,21.54583333
101355,29.29583333,21.64583333
101356,29.57916667,19.62083333
101357,29.75416667,24.5125
101358,29.97916667,9.420833333
101359,30.12916667,9.4875
101360,30.17083333,10.45416667
101361,30.40416667,19.60416667
101362,30.4875,19.72083333
101363,30.4875,18.5625
101364,30.5875,18.4125
101365,30.7625,20.22916667
101366,30.80416667,18.07083333
101367,30.95416667,20.12916667
101368,31.0625,17.27916667
101369,31.07083333,16.6625
101370,31.1875,16.5375
101371,31.45416667,12.97916667
101372,31.54583333,25.15416667
101373,31.6125,25.04583333
101374,31.64583333,12.7625
101375,31.67083333,20.0125
101376,31.67916667,20.25416667
101377,31.75416667,25.07083333
101378,31.75416667,14.00416667
101379,31.84583333,11.3375
101380,31.87083333,11.57916667
101381,31.87083333,10.97916667
101382,31.87916667,23.92083333
101383,31.87916667,11.8875
101384,31.92083333,12.25416667
101385,31.9375,20.17916667
101386,31.95416667,20.32083333
101387,31.95416667,12.00416667
101388,31.95416667,10.67083333
101389,31.9625,12.1125
101390,31.97916667,11.15416667
101391,32.00416667,12.34583333
101392,32.0125,11.35416667
101393,32.04583333,12.54583333
101394,32.05416667,12.87916667
101395,32.0625,23.94583333
101396,32.0625,11.5375
101397,32.07083333,12.6875
101398,32.12083333,20.1625
101399,32.1375,13.0125
101400,32.1875,20.5875
101401,32.29583333,10.97083333
101402,32.3375,15.07916667
101403,32.39583333,14.84583333
101404,32.4125,14.7625
101405,32.42916667,13.62083333
101406,32.4375,14.57916667
101407,32.44583333,20.4875
101408,32.49583333,20.8375
101409,32.52916667,20.57083333
101410,32.5375,23.00416667
101411,32.54583333,13.20416667
101412,32.57083333,14.35416667
101413,32.57916667,14.02916667
101414,32.59583333,22.75416667
101415,32.64583333,14.22916667
101416,32.65416667,20.82916667
101417,32.6875,21.10416667
101418,32.69583333,13.87916667
101419,32.69583333,13.24583333
101420,32.70416667,20.92916667
101421,32.74583333,12.9875
101422,32.75416667,22.64583333
101423,32.75416667,21.59583333
101424,32.75416667,13.69583333
101425,32.75416667,12.72083333
101426,32.77083333,22.24583333
101427,32.77083333,12.47083333
101428,32.77916667,21.77083333
101429,32.7875,21.9875
101430,32.85416667,21.5375
101431,32.85416667,12.0375
101432,32.8625,12.22916667
101433,32.90416667,21.9625
101434,32.92916667,12.0875
101435,32.9375,10.44583333
101436,32.95416667,11.8625
101437,33.14583333,11.2125
101438,33.35416667,10.49583333
101439,-24.92916667,47.0375
101440,-23.34583333,43.77083333
101441,-23.00416667,47.54583333
101442,-22.84583333,47.79583333
101443,-22.42083333,47.82916667
101444,-22.30416667,46.12916667
101445,-22.12083333,47.99583333
101446,-21.75416667,48.1125
101447,-21.52083333,47.0875
101448,-21.32083333,47.22916667
101449,-21.27083333,48.2875
101450,-20.55416667,47.19583333
101451,-20.37083333,47.20416667
101452,-20.3375,44.57916667
101453,-20.32916667,44.3125
101454,-19.84583333,46.82083333
101455,-19.74583333,47.0375
101456,-19.59583333,47.17916667
101457,-19.0625,47.55416667
101458,-19.0125,47.19583333
101459,-18.94583333,46.92916667
101460,-18.7125,45.92083333
101461,-18.67083333,47.4375
101462,-18.02916667,49.35416667
101463,-17.74583333,48.5375
101464,-17.2125,49.1625
101465,-16.9625,46.82083333
101466,-16.1375,47.67083333
101467,-16.07083333,46.67916667
101468,-15.74583333,46.3875
101469,-15.59583333,47.62916667
101470,-15.0125,50.2875
101471,-14.22083333,50.10416667
101472,-13.65416667,48.47916667
101473,-13.37083333,50.0125
101474,-13.3625,48.25416667
101475,-12.80416667,45.1625
101476,-12.7875,45.2875
101477,-12.3875,49.34583333
101478,-12.32916667,43.72916667
101479,-16.92916667,35.24583333
101480,-16.7375,35.27083333
101481,-16.57916667,35.12083333
101482,-16.5375,35.00416667
101483,-16.4625,34.8875
101484,-16.27916667,34.87083333
101485,-16.2375,33.62083333
101486,-16.1125,33.49583333
101487,-16.07083333,33.60416667
101488,-16.0625,35.6375
101489,-16.02916667,35.1875
101490,-16.02916667,34.80416667
101491,-15.94583333,35.7875
101492,-15.70416667,35.6875
101493,-15.59583333,34.5125
101494,-15.22916667,35.42916667
101495,-14.84583333,35.19583333
101496,-14.82083333,35.59583333
101497,-14.57916667,35.5625
101498,-14.57083333,35.34583333
101499,-14.52083333,35.20416667
101500,-14.4625,35.27916667
101501,-14.39583333,34.60416667
101502,-14.37083333,35.57916667
101503,-14.32916667,35.47916667
101504,-14.32916667,35.1375
101505,-14.2375,34.52916667
101506,-14.2125,33.9625
101507,-14.17916667,35.02916667
101508,-14.12083333,35.19583333
101509,-14.0875,34.5125
101510,-14.07083333,34.8875
101511,-13.8125,34.50416667
101512,-13.79583333,32.89583333
101513,-13.7375,34.60416667
101514,-13.70416667,32.67083333
101515,-13.69583333,35.02916667
101516,-13.5625,34.32916667
101517,-13.29583333,35.24583333
101518,-13.22916667,34.30416667
101519,-13.04583333,33.47916667
101520,-12.92916667,34.27083333
101521,-12.4875,34.12083333
101522,-11.89583333,33.59583333
101523,-11.6125,34.27916667
101524,-11.02083333,33.85416667
101525,-11.00416667,34.87916667
101526,-10.67083333,35.6375
101527,-10.4375,34.22083333
101528,-10.27916667,34.12083333
101529,-9.920833333,33.89583333
101530,-9.804166667,33.8625
101531,-9.695833333,33.27083333
101532,-9.6125,33.87083333
101533,-9.470833333,33.9125
101534,-9.370833333,34.77083333
101535,-9.370833333,32.85416667
101536,-16.15416667,33.7625
101537,-16.12916667,33.72916667
101538,-15.60416667,32.7625
101539,10.3625,-9.254166667
101540,10.3875,-12.12083333
101541,10.72083333,-0.945833333
101542,10.92916667,0.1875
101543,11.17083333,-4.2375
101544,11.17083333,-4.479166667
101545,11.32083333,-5.670833333
101546,11.32916667,-12.2375
101547,11.4375,-9.179166667
101548,11.65416667,-8.170833333
101549,11.80416667,-0.745833333
101550,12.2125,-1.595833333
101551,12.2375,-0.4125
101552,12.2625,-1.4375
101553,12.4375,4.270833333
101554,12.45416667,-5.495833333
101555,12.47083333,-8.0125
101556,12.49583333,-1.5125
101557,12.5125,-7.854166667
101558,12.7125,-7.820833333
101559,12.7625,-8.029166667
101560,12.84583333,-7.579166667
101561,13.0375,-9.479166667
101562,13.32083333,-4.895833333
101563,13.42083333,-6.154166667
101564,13.42916667,2.070833333
101565,13.57083333,2.195833333
101566,13.57916667,2.020833333
101567,13.6125,-2.4375
101568,14.3375,-3.604166667
101569,14.42916667,-11.44583333
101570,14.45416667,-4.904166667
101571,14.4875,-4.1625
101572,15.1625,-12.17916667
101573,15.22083333,-9.5875
101574,16.2625,-0.029166667
101575,16.6125,-7.270833333
101576,16.67916667,-9.629166667
101577,16.72916667,-2.995833333
101578,19.97083333,2.9625
101579,21.3375,0.945833333
101580,-20.44583333,57.55416667
101581,-20.22083333,57.64583333
101582,-19.7125,63.4375
101583,23.65416667,-15.9875
101584,23.80416667,-15.89583333
101585,26.60416667,-11.75416667
101586,27.2125,-13.05416667
101587,27.89583333,-15.52916667
101588,28.0875,-15.6375
101589,28.25416667,-16.64583333
101590,28.40416667,-16.42916667
101591,28.4875,-11.10416667
101592,28.55416667,-16.17916667
101593,28.5625,-16.2875
101594,29.02083333,-10.07083333
101595,29.20416667,-9.7125
101596,29.39583333,-10.14583333
101597,29.70416667,-9.679166667
101598,29.77916667,-7.9625
101599,30.3375,-5.820833333
101600,30.52083333,-8.854166667
101601,30.52083333,-9.6625
101602,30.64583333,-8.479166667
101603,30.9375,-6.9125
101604,31.17083333,-8.845833333
101605,31.22083333,-8.245833333
101606,31.2375,-6.145833333
101607,31.30416667,-4.254166667
101608,31.4125,-9.7875
101609,31.45416667,-4.220833333
101610,31.4875,-9.720833333
101611,31.49583333,-4.3875
101612,31.5125,-5.479166667
101613,31.57916667,-9.020833333
101614,31.67083333,-8.354166667
101615,31.69583333,-4.9375
101616,31.72916667,-7.004166667
101617,31.95416667,-4.395833333
101618,31.95416667,-6.5625
101619,32.0625,-8.6625
101620,32.19583333,-9.229166667
101621,32.20416667,-6.795833333
101622,32.2125,-8.5125
101623,32.2625,-4.4875
101624,32.50416667,-7.1875
101625,32.54583333,-1.945833333
101626,32.55416667,-6.020833333
101627,32.57916667,-6.254166667
101628,32.6375,-5.9125
101629,32.67916667,-4.720833333
101630,32.72083333,-5.0875
101631,32.75416667,-5.7125
101632,32.7625,-6.379166667
101633,32.82083333,-8.520833333
101634,32.84583333,-6.8625
101635,32.85416667,-6.545833333
101636,32.8875,-6.7625
101637,32.9125,-5.6375
101638,32.94583333,-8.220833333
101639,33.0375,-3.979166667
101640,33.05416667,-7.2375
101641,33.14583333,-5.8375
101642,33.15416667,-5.5625
101643,33.2625,-7.229166667
101644,33.32916667,-3.695833333
101645,33.4125,-7.4375
101646,33.42083333,-5.2125
101647,33.5125,-6.604166667
101648,33.59583333,-7.120833333
101649,33.62916667,-5.5875
101650,33.62916667,-7.320833333
101651,33.6625,-5.3625
101652,33.70416667,-5.004166667
101653,33.7875,-6.779166667
101654,33.79583333,-4.8125
101655,33.8125,-6.045833333
101656,33.87083333,-6.304166667
101657,33.9375,-6.7375
101658,34.02083333,-2.095833333
101659,34.0375,-4.429166667
101660,34.04583333,-5.520833333
101661,34.1875,-5.695833333
101662,34.20416667,-3.3375
101663,34.2875,-6.295833333
101664,34.30416667,-2.170833333
101665,34.3875,-2.879166667
101666,34.47916667,-5.495833333
101667,34.57083333,-2.495833333
101668,34.77916667,-5.5625
101669,34.82916667,-1.820833333
101670,34.92916667,-2.7375
101671,34.95416667,-2.104166667
101672,35.12916667,-1.4375
101673,35.12916667,-6.170833333
101674,35.14583333,-5.2625
101675,35.22083333,-6.095833333
101676,35.24583333,-1.1125
101677,35.27916667,-1.429166667
101678,35.4375,-6.020833333
101679,35.5375,-5.295833333
101680,35.67083333,-5.7875
101681,35.80416667,-5.395833333
101682,35.80416667,-5.9125
101683,36.05416667,-5.479166667
101684,22.7375,-12.47083333
101685,26.12916667,-14.4875
101686,26.74583333,-11.67916667
101687,27.0875,-13.42083333
101688,27.14583333,-13.19583333
101689,27.67083333,-8.1375
101690,27.75416667,-15.59583333
101691,27.77916667,-15.70416667
101692,28.0625,-14.32916667
101693,28.40416667,-13.87083333
101694,28.50416667,-13.8625
101695,28.6125,-9.4375
101696,28.7375,-13.87083333
101697,28.8625,-13.8375
101698,29.00416667,-13.50416667
101699,29.07083333,-13.67916667
101700,31.02916667,-2.7125
101701,31.55416667,-2.429166667
101702,31.6125,-2.229166667
101703,31.75416667,-8.104166667
101704,32.05416667,-1.254166667
101705,32.12083333,-7.904166667
101706,32.7375,-16.9125
101707,32.75416667,-17.0875
101708,33.12916667,-8.629166667
101709,33.8125,-7.170833333
101710,34.64583333,-1.329166667
101711,35.10416667,-2.270833333
101712,35.74583333,-5.345833333
101713,35.8875,-5.504166667
101714,-28.5375,24.50416667
101715,-28.42916667,24.32083333
101716,-28.32083333,23.0625
101717,-28.12916667,24.85416667
101718,-27.94583333,22.74583333
101719,-27.92083333,24.8125
101720,-27.8875,25.12083333
101721,-27.77916667,24.67916667
101722,-27.59583333,22.8875
101723,-27.37916667,23.4125
101724,-27.20416667,25.2625
101725,-26.97916667,24.74583333
101726,-26.5875,18.15416667
101727,-26.42083333,25.17916667
101728,-26.29583333,25.12916667
101729,-24.6375,17.97083333
101730,-23.32083333,17.0875
101731,-22.92916667,14.54583333
101732,-22.6625,14.5625
101733,-22.4875,17.00416667
101734,-22.4375,18.9875
101735,-21.9875,16.89583333
101736,-20.47083333,16.67916667
101737,-19.25416667,17.70416667
101738,-17.92083333,19.77083333
101739,-17.52083333,24.2875
101740,-28.37916667,22.9625
101741,-27.85416667,22.97916667
101742,-27.74583333,23.00416667
101743,-27.37916667,22.97916667
101744,-26.0125,22.40416667
101745,-24.57916667,24.72083333
101746,-24.52916667,24.70416667
101747,-22.57916667,15.0375
101748,-22.4625,15.04583333
101749,-22.42083333,17.07083333
101750,-21.69583333,21.6375
101751,-19.9875,23.42083333
101752,-17.79583333,25.1625
101753,-17.07083333,15.72083333
101754,11.69583333,11.22916667
101755,11.9625,13.2375
101756,12.02083333,15.1125
101757,12.17083333,14.92916667
101758,12.20416667,14.27083333
101759,12.22083333,15.0375
101760,12.34583333,6.104166667
101761,12.54583333,6.579166667
101762,12.60416667,9.3625
101763,13.42916667,2.070833333
101764,13.57083333,2.195833333
101765,13.57916667,2.020833333
101766,13.87083333,9.004166667
101767,12.17916667,6.6625
101768,15.62916667,12.92083333
101769,15.97083333,12.5625
101770,16.97916667,7.9875
101771,18.7625,7.345833333
101772,19.57083333,5.7625
101773,19.97083333,2.9625
101774,21.3375,0.945833333
101775,22.7875,5.529166667
101776,22.87083333,5.3375
101777,4.070833333,9.2875
101778,4.1625,9.6875
101779,4.1875,9.795833333
101780,4.4125,6.770833333
101781,4.4375,6.929166667
101782,4.554166667,7.904166667
101783,4.595833333,7.420833333
101784,4.695833333,6.929166667
101785,4.829166667,8.2375
101786,4.945833333,8.6125
101787,5.504166667,6.604166667
101788,5.529166667,10.52083333
101789,5.7625,8.179166667
101790,5.7625,5.670833333
101791,5.795833333,10.22916667
101792,5.8375,6.3375
101793,6.095833333,4.970833333
101794,6.145833333,5.570833333
101795,6.179166667,6.220833333
101796,6.1875,9.9875
101797,6.354166667,5.520833333
101798,6.404166667,4.7875
101799,6.404166667,3.1375
101800,6.5375,3.445833333
101801,6.629166667,2.679166667
101802,6.645833333,9.004166667
101803,6.7625,3.820833333
101804,6.8125,3.320833333
101805,7.054166667,6.7125
101806,7.104166667,2.679166667
101807,7.295833333,3.179166667
101808,7.595833333,6.345833333
101809,7.7125,8.520833333
101810,7.754166667,6.529166667
101811,8.054166667,3.354166667
101812,8.154166667,4.279166667
101813,8.4625,4.670833333
101814,8.554166667,4.529166667
101815,8.6375,4.8875
101816,8.645833333,7.445833333
101817,8.829166667,7.820833333
101818,8.8375,7.4625
101819,8.854166667,11.47083333
101820,8.970833333,11.35416667
101821,9.045833333,5.604166667
101822,9.054166667,7.0375
101823,9.079166667,5.979166667
101824,9.170833333,12.59583333
101825,9.254166667,7.520833333
101826,9.3375,2.679166667
101827,9.429166667,8.020833333
101828,9.595833333,6.495833333
101829,9.8125,11.17916667
101830,9.945833333,11.99583333
101831,10.0125,8.9375
101832,10.20416667,13.3875
101833,10.32083333,11.25416667
101834,10.82916667,13.52083333
101835,11.3625,7.1875
101836,11.4375,5.279166667
101837,11.62916667,5.4125
101838,11.7125,11.2125
101839,11.74583333,13.15416667
101840,11.90416667,13.25416667
101841,12.20416667,14.27083333
101842,12.34583333,6.104166667
101843,12.54583333,6.579166667
101844,12.60416667,9.3625
101845,13.8875,9.0125
101846,4.120833333,8.270833333
101847,4.145833333,7.970833333
101848,4.195833333,7.8625
101849,4.295833333,8.7375
101850,4.295833333,8.1625
101851,4.304166667,7.645833333
101852,4.329166667,5.8125
101853,4.3375,5.929166667
101854,4.354166667,8.5375
101855,4.404166667,7.820833333
101856,4.4125,7.120833333
101857,4.4375,6.329166667
101858,4.5375,6.654166667
101859,4.554166667,5.920833333
101860,4.5625,8.370833333
101861,4.5625,6.9875
101862,4.5625,4.6125
101863,4.579166667,8.479166667
101864,4.620833333,6.254166667
101865,4.654166667,6.6125
101866,5.3625,4.3375
101867,5.379166667,5.3125
101868,5.3875,4.5875
101869,5.3875,4.2375
101870,5.570833333,5.0875
101871,5.6125,5.195833333
101872,5.6625,4.5625
101873,5.670833333,6.379166667
101874,5.6875,6.504166667
101875,5.729166667,4.454166667
101876,5.770833333,4.879166667
101877,5.7875,5.429166667
101878,6.0125,5.8625
101879,6.154166667,5.3375
101880,7.329166667,13.57916667
101881,9.320833333,13.3875
101882,9.8875,4.504166667
101883,10.2875,11.15416667
101884,12.17916667,6.6625
101885,-21.25416667,55.60416667
101886,-21.20416667,55.39583333
101887,-21.02083333,55.39583333
101888,-20.97916667,55.57916667
101889,-2.5125,30.65416667
101890,-2.354166667,29.19583333
101891,-2.295833333,30.77916667
101892,-2.154166667,29.05416667
101893,-1.970833333,29.07916667
101894,-1.504166667,30.89583333
101895,0.304166667,6.654166667
101896,12.47916667,-16.3625
101897,12.4875,-13.27083333
101898,13.2625,-16.6875
101899,14.42916667,-11.44583333
101900,14.62916667,-16.8375
101901,14.6375,-17.4375
101902,14.74583333,-17.5375
101903,14.75416667,-15.90416667
101904,14.7625,-15.55416667
101905,14.82083333,-17.15416667
101906,14.82916667,-17.35416667
101907,15.1625,-12.1875
101908,15.95416667,-16.37083333
101909,16.1875,-13.47083333
101910,13.77083333,-13.67916667
101911,7.879166667,-11.1875
101912,7.9625,-11.7375
101913,8.3125,-13.10416667
101914,8.495833333,-13.30416667
101915,8.554166667,-13.07083333
101916,8.645833333,-10.97083333
101917,8.679166667,-13.19583333
101918,8.879166667,-12.04583333
101919,9.429166667,-13.09583333
101920,9.579166667,-13.50416667
101921,9.7375,-13.50416667
101922,9.995833333,-10.7125
101923,-34.59583333,19.3625
101924,-34.52916667,20.05416667
101925,-34.42916667,19.2125
101926,-34.24583333,19.42916667
101927,-34.1875,22.07916667
101928,-34.15416667,18.99583333
101929,-34.1125,18.37916667
101930,-34.10416667,21.2625
101931,-34.05416667,24.92083333
101932,-34.05416667,23.32083333
101933,-34.04583333,23.09583333
101934,-34.0375,20.44583333
101935,-34.02916667,22.49583333
101936,-34.02083333,24.75416667
101937,-33.89583333,19.10416667
101938,-33.82916667,24.87083333
101939,-33.79583333,19.89583333
101940,-33.60416667,22.24583333
101941,-33.57916667,26.89583333
101942,-33.57916667,22.42916667
101943,-33.5375,25.70416667
101944,-33.52916667,18.47916667
101945,-33.47916667,19.6625
101946,-33.47083333,18.70416667
101947,-33.42083333,19.19583333
101948,-33.39583333,25.47916667
101949,-33.37083333,18.39583333
101950,-33.32916667,19.32916667
101951,-33.2875,26.57083333
101952,-33.14583333,18.67083333
101953,-33.0125,17.9125
101954,-32.9875,27.65416667
101955,-32.9125,27.50416667
101956,-32.9125,18.0125
101957,-32.87916667,27.77083333
101958,-32.8375,27.22083333
101959,-32.77916667,26.8375
101960,-32.7625,26.65416667
101961,-32.72916667,25.60416667
101962,-32.6875,26.30416667
101963,-32.57083333,27.4375
101964,-32.37916667,22.57083333
101965,-32.2625,24.5625
101966,-32.1875,26.80416667
101967,-32.17916667,25.64583333
101968,-32.10416667,28.30416667
101969,-31.92916667,26.84583333
101970,-31.9125,26.97083333
101971,-31.6375,18.52916667
101972,-31.5375,27.6875
101973,-31.5125,25.02083333
101974,-31.3875,26.3625
101975,-31.37083333,29.57083333
101976,-31.32916667,27.82916667
101977,-31.20416667,28.25416667
101978,-31.0625,30.1375
101979,-31.0125,26.32916667
101980,-30.94583333,30.2375
101981,-30.9125,28.99583333
101982,-30.87916667,29.87083333
101983,-30.79583333,30.1375
101984,-30.72083333,25.1125
101985,-30.69583333,28.50416667
101986,-30.69583333,26.6875
101987,-30.6625,24.02916667
101988,-30.6375,29.77916667
101989,-30.5375,29.44583333
101990,-30.52916667,27.3875
101991,-30.52083333,30.5875
101992,-30.37083333,30.64583333
101993,-30.29583333,27.10416667
101994,-30.27083333,28.79583333
101995,-29.89583333,30.24583333
101996,-29.8625,27.2375
101997,-29.6625,22.72916667
101998,-29.64583333,30.1875
101999,-29.50416667,30.67083333
102000,-29.3875,30.87083333
102001,-29.22083333,30.0125
102002,-29.1625,27.4625
102003,-29.1375,30.7875
102004,-29.07916667,29.72916667
102005,-29.07083333,30.60416667
102006,-29.05416667,23.77083333
102007,-29.02916667,24.57916667
102008,-28.94583333,29.62083333
102009,-28.9125,27.92916667
102010,-28.90416667,27.5625
102011,-28.87083333,31.85416667
102012,-28.85416667,31.50416667
102013,-28.7375,32.15416667
102014,-28.67916667,27.42083333
102015,-28.6625,32.0125
102016,-28.62083333,28.85416667
102017,-28.60416667,29.89583333
102018,-28.5375,24.50416667
102019,-28.52916667,26.99583333
102020,-28.4625,30.22916667
102021,-28.42916667,29.74583333
102022,-28.42916667,24.32083333
102023,-28.42083333,26.70416667
102024,-28.3875,32.14583333
102025,-28.37916667,32.3625
102026,-28.34583333,27.6375
102027,-28.32083333,28.9875
102028,-28.32083333,23.0625
102029,-28.30416667,26.14583333
102030,-28.29583333,31.42916667
102031,-28.24583333,29.10416667
102032,-28.22083333,30.67083333
102033,-28.19583333,30.17083333
102034,-28.1875,32.2875
102035,-28.1875,30.2375
102036,-28.17916667,28.3375
102037,-28.14583333,26.89583333
102038,-28.12916667,24.85416667
102039,-28.0125,27.07916667
102040,-27.99583333,30.7125
102041,-27.94583333,22.74583333
102042,-27.9375,30.1875
102043,-27.92083333,24.8125
102044,-27.8875,25.12083333
102045,-27.85416667,26.77083333
102046,-27.8375,25.92916667
102047,-27.82916667,26.37916667
102048,-27.80416667,28.45416667
102049,-27.7875,30.82083333
102050,-27.77916667,26.65416667
102051,-27.77916667,24.67916667
102052,-27.69583333,31.02916667
102053,-27.6625,28.12916667
102054,-27.6375,25.57083333
102055,-27.59583333,22.8875
102056,-27.42083333,29.17916667
102057,-27.39583333,30.94583333
102058,-27.37916667,26.6625
102059,-27.37916667,23.4125
102060,-27.37083333,29.90416667
102061,-27.3625,31.5625
102062,-27.32916667,25.97916667
102063,-27.27083333,27.97916667
102064,-27.25416667,28.5125
102065,-27.22916667,27.59583333
102066,-27.22083333,26.2625
102067,-27.22083333,25.97083333
102068,-27.20416667,25.2875
102069,-27.1875,26.9625
102070,-27.12916667,29.97083333
102071,-27.04583333,30.77916667
102072,-27.02083333,28.62916667
102073,-27.0125,27.3875
102074,-27.00416667,29.85416667
102075,-26.9875,29.20416667
102076,-26.97916667,32.74583333
102077,-26.97916667,30.42916667
102078,-26.97916667,24.74583333
102079,-26.92916667,27.4875
102080,-26.89583333,28.07083333
102081,-26.87916667,27.8875
102082,-26.85416667,26.8625
102083,-26.80416667,25.9875
102084,-26.74583333,27.00416667
102085,-26.7375,26.42083333
102086,-26.65416667,28.6125
102087,-26.64583333,30.67083333
102088,-26.5875,18.15416667
102089,-26.57916667,29.0625
102090,-26.57083333,28.32916667
102091,-26.5625,25.82916667
102092,-26.5125,27.47083333
102093,-26.49583333,29.4375
102094,-26.4875,29.95416667
102095,-26.47083333,31.4375
102096,-26.4625,27.37916667
102097,-26.45416667,27.7875
102098,-26.44583333,28.5125
102099,-26.42083333,30.7875
102100,-26.42083333,25.17916667
102101,-26.40416667,29.07083333
102102,-26.37916667,28.92916667
102103,-26.32916667,27.30416667
102104,-26.32916667,26.30416667
102105,-26.32083333,26.79583333
102106,-26.3125,29.9875
102107,-26.29583333,25.12916667
102108,-26.24583333,30.84583333
102109,-26.2375,29.27916667
102110,-26.1875,26.1375
102111,-26.1375,29.7375
102112,-26.0875,30.1125
102113,-26.07916667,25.87916667
102114,-26.0375,30.79583333
102115,-25.99583333,29.0375
102116,-25.89583333,32.69583333
102117,-25.85416667,26.8875
102118,-25.77083333,31.02916667
102119,-25.75416667,27.67083333
102120,-25.72916667,32.5125
102121,-25.72083333,28.7375
102122,-25.67916667,32.62083333
102123,-25.67916667,29.99583333
102124,-25.62916667,26.67916667
102125,-25.52083333,31.35416667
102126,-25.47916667,29.02083333
102127,-25.4625,28.64583333
102128,-25.45416667,25.87083333
102129,-25.4375,27.4875
102130,-25.32083333,29.24583333
102131,-25.1625,25.6875
102132,-25.14583333,29.75416667
102133,-25.09583333,33.7375
102134,-25.09583333,30.42083333
102135,-25.0875,30.7875
102136,-25.0375,33.1375
102137,-25.02083333,33.59583333
102138,-24.97916667,29.40416667
102139,-24.97083333,27.27083333
102140,-24.89583333,31.3875
102141,-24.8875,29.97916667
102142,-24.8875,28.32916667
102143,-24.7875,27.27916667
102144,-24.69583333,33.59583333
102145,-24.69583333,28.44583333
102146,-24.6375,17.97083333
102147,-24.57916667,27.39583333
102148,-24.52916667,28.72916667
102149,-24.52083333,33.00416667
102150,-24.29583333,28.12916667
102151,-24.22083333,30.42916667
102152,-23.90416667,35.3375
102153,-23.8625,31.07083333
102154,-23.6625,27.64583333
102155,-23.6125,29.9875
102156,-23.57916667,30.70416667
102157,-23.49583333,29.70416667
102158,-23.32083333,29.2375
102159,-23.32083333,17.0875
102160,-22.4875,17.00416667
102161,-22.4375,18.9875
102162,-22.34583333,30.02083333
102163,-22.20416667,30.02916667
102164,-34.1625,21.97916667
102165,-33.77916667,25.67916667
102166,-32.99583333,18.02083333
102167,-31.27083333,17.90416667
102168,-29.62916667,31.1125
102169,-29.0875,26.32083333
102170,-28.7875,32.02083333
102171,-28.37916667,22.9625
102172,-27.85416667,22.97916667
102173,-27.74583333,23.00416667
102174,-27.67916667,30.00416667
102175,-27.37916667,22.97916667
102176,-27.34583333,31.9125
102177,-27.09583333,29.77083333
102178,-26.92916667,26.7875
102179,-26.79583333,27.8875
102180,-26.7625,29.35416667
102181,-26.75416667,27.72083333
102182,-26.72916667,27.97083333
102183,-26.57083333,29.17083333
102184,-26.42916667,28.0125
102185,-26.39583333,28.2875
102186,-26.37083333,28.4875
102187,-26.3625,27.95416667
102188,-26.34583333,31.70416667
102189,-26.32083333,28.3125
102190,-26.2625,29.14583333
102191,-26.1375,28.77083333
102192,-26.07916667,28.97916667
102193,-26.05416667,29.17916667
102194,-26.0125,29.62916667
102195,-26.0125,29.37083333
102196,-26.0125,22.40416667
102197,-26.00416667,32.40416667
102198,-26.00416667,27.82916667
102199,-25.97916667,28.34583333
102200,-25.94583333,32.3875
102201,-25.94583333,29.17083333
102202,-25.9375,27.90416667
102203,-25.9125,28.92916667
102204,-25.8625,28.0375
102205,-25.82916667,28.4125
102206,-25.79583333,27.9375
102207,-25.7375,27.3875
102208,-25.69583333,28.00416667
102209,-25.62083333,28.34583333
102210,-25.5875,28.19583333
102211,-25.45416667,31.9875
102212,-25.4125,30.97083333
102213,-24.97916667,25.32916667
102214,-24.9625,29.27916667
102215,-24.9375,30.1125
102216,-24.72083333,30.2125
102217,-24.62083333,25.8875
102218,-24.57916667,24.72083333
102219,-24.52916667,24.70416667
102220,-24.39583333,25.5125
102221,-24.3875,26.12916667
102222,-23.9875,31.12083333
102223,-23.97083333,28.90416667
102224,-23.67083333,27.54583333
102225,-23.10416667,26.82083333
102226,-22.5375,27.10416667
102227,-22.4375,29.3125
102228,-22.42083333,17.07083333
102229,-22.39583333,26.7125
102230,3.4875,34.12083333
102231,3.4875,31.62916667
102232,3.745833333,34.8375
102233,6.9875,35.6125
102234,7.2625,35.42916667
102235,8.245833333,34.5875
102236,8.304166667,35.5875
102237,9.170833333,35.8375
102238,9.620833333,31.67916667
102239,10.97083333,24.8375
102240,4.8625,31.59583333
102241,10.54583333,32.32916667
102242,10.92083333,28.5625
102243,11.0125,29.7125
102244,11.04583333,28.49583333
102245,11.22083333,35.07916667
102246,11.32916667,28.47083333
102247,11.47083333,28.42083333
102248,11.49583333,28.22916667
102249,11.60416667,28.2375
102250,12.0625,24.87916667
102251,8.9125,38.87083333
102252,9.079166667,36.55416667
102253,9.104166667,38.80416667
102254,9.170833333,35.8375
102255,9.5625,37.10416667
102256,9.620833333,31.67916667
102257,10.97083333,24.8375
102258,12.4625,37.30416667
102259,13.62916667,38.99583333
102260,14.0125,35.3875
102261,14.07083333,35.32083333
102262,14.0875,38.27916667
102263,14.17083333,33.7125
102264,14.27916667,36.6125
102265,14.39583333,37.79583333
102266,14.4375,33.6125
102267,14.52083333,33.4625
102268,15.2875,32.5625
102269,15.30416667,39.05416667
102270,15.37916667,32.3625
102271,15.4375,36.37083333
102272,15.7875,32.2125
102273,16.1375,32.1625
102274,16.42083333,31.90416667
102275,19.32916667,37.27916667
102276,19.44583333,37.22083333
102277,19.67083333,37.12916667
102278,22.00416667,39.05416667
102279,22.15416667,39.05416667
102280,10.54583333,32.32916667
102281,10.92083333,28.5625
102282,11.0125,29.7125
102283,11.04583333,28.49583333
102284,11.22083333,35.07916667
102285,11.32916667,28.47083333
102286,11.47083333,28.42083333
102287,11.49583333,28.22916667
102288,11.60416667,28.2375
102289,12.0625,24.87916667
102290,13.07083333,32.9125
102291,13.1625,32.65416667
102292,13.1875,30.22083333
102293,13.19583333,38.42083333
102294,13.44583333,22.4375
102295,13.54583333,33.59583333
102296,13.62916667,25.34583333
102297,15.62916667,32.64583333
102298,15.70416667,32.55416667
102299,16.69583333,33.42916667
102300,17.59583333,33.97083333
102301,17.70416667,33.9875
102302,18.02916667,33.9875
102303,18.5375,31.8375
102304,19.17916667,30.4625
102305,21.64583333,39.05416667
102306,-27.04583333,30.7875
102307,-26.47083333,31.4375
102308,-26.4125,30.7875
102309,-26.24583333,30.84583333
102310,-26.02083333,30.7875
102311,-26.34583333,31.70416667
102312,-11.6125,34.27916667
102313,-11.04583333,37.32083333
102314,-11.02083333,33.85416667
102315,-11.00416667,34.87916667
102316,-10.92916667,39.2625
102317,-10.7375,38.8125
102318,-10.67083333,35.6375
102319,-10.4375,34.22083333
102320,-10.37083333,38.7625
102321,-10.30416667,40.17083333
102322,-10.27916667,34.12083333
102323,-9.995833333,39.70416667
102324,-9.920833333,33.89583333
102325,-9.804166667,33.8625
102326,-9.695833333,33.27083333
102327,-9.604166667,33.87083333
102328,-9.4625,33.92083333
102329,-9.354166667,34.77083333
102330,-9.3375,32.84583333
102331,-9.270833333,33.62916667
102332,-9.254166667,32.75416667
102333,-9.070833333,32.9625
102334,-8.9125,33.57916667
102335,-8.895833333,33.32916667
102336,-8.8625,34.8375
102337,-8.704166667,36.67916667
102338,-8.679166667,34.30416667
102339,-8.429166667,33.02916667
102340,-8.279166667,35.2875
102341,-8.1625,36.67083333
102342,-7.979166667,31.6375
102343,-7.895833333,39.69583333
102344,-7.7625,35.67916667
102345,-7.654166667,37.0125
102346,-7.020833333,39.1125
102347,-6.820833333,36.9875
102348,-6.779166667,37.65416667
102349,-6.779166667,37.1375
102350,-6.770833333,38.72916667
102351,-6.6875,39.07916667
102352,-6.470833333,38.92916667
102353,-6.3375,31.0875
102354,-6.245833333,39.27083333
102355,-6.104166667,35.6875
102356,-5.9625,39.27083333
102357,-5.754166667,39.3125
102358,-5.695833333,34.47916667
102359,-5.445833333,36.34583333
102360,-5.4375,38.02083333
102361,-5.3875,39.70416667
102362,-5.3125,36.57083333
102363,-5.2375,39.7875
102364,-5.179166667,38.7875
102365,-5.1375,38.44583333
102366,-5.1125,39.10416667
102367,-5.070833333,32.05416667
102368,-5.0375,32.8125
102369,-5.0125,39.77916667
102370,-4.904166667,35.77916667
102371,-4.8375,29.6875
102372,-4.720833333,38.3375
102373,-4.5625,30.12083333
102374,-4.529166667,35.37916667
102375,-4.470833333,39.47083333
102376,-4.3625,37.9875
102377,-4.3375,30.62916667
102378,-4.320833333,30.44583333
102379,-4.2875,29.6375
102380,-4.2375,35.74583333
102381,-4.220833333,33.17916667
102382,-4.1875,39.57083333
102383,-4.1375,29.52916667
102384,-3.995833333,29.4875
102385,-3.870833333,32.77916667
102386,-3.845833333,35.55416667
102387,-3.820833333,39.65416667
102388,-3.795833333,39.42083333
102389,-3.6875,37.65416667
102390,-3.654166667,33.4125
102391,-3.6375,30.72916667
102392,-3.5875,36.99583333
102393,-3.554166667,39.8625
102394,-3.404166667,38.34583333
102395,-3.379166667,39.9375
102396,-3.379166667,38.57083333
102397,-3.379166667,35.85416667
102398,-3.370833333,36.7375
102399,-3.370833333,35.67916667
102400,-3.320833333,31.50416667
102401,-3.304166667,36.44583333
102402,-3.2625,37.47083333
102403,-3.229166667,40.0625
102404,-3.020833333,31.92083333
102405,-2.920833333,37.54583333
102406,-2.879166667,32.30416667
102407,-2.654166667,31.3125
102408,-2.645833333,31.77083333
102409,-2.6125,32.07916667
102410,-2.595833333,32.67083333
102411,-2.579166667,33.4375
102412,-2.520833333,33.02083333
102413,-2.5125,30.65416667
102414,-2.4625,32.6625
102415,-2.445833333,33.5625
102416,-2.420833333,32.1125
102417,-2.420833333,31.72916667
102418,-2.354166667,32.4625
102419,-2.3375,33.67916667
102420,-2.304166667,32.27916667
102421,-2.279166667,37.82916667
102422,-2.2125,30.6125
102423,-2.120833333,33.12083333
102424,-2.1125,33.44583333
102425,-2.029166667,32.97916667
102426,-2.020833333,33.8625
102427,-1.929166667,32.90416667
102428,-1.854166667,33.3875
102429,-1.8375,36.79583333
102430,-1.8375,34.67083333
102431,-1.8375,33.04583333
102432,-1.779166667,37.4375
102433,-1.770833333,31.5875
102434,-1.704166667,33.62083333
102435,-1.545833333,36.85416667
102436,-1.545833333,31.15416667
102437,-1.529166667,33.7875
102438,-1.5125,30.87083333
102439,-1.495833333,40.04583333
102440,-1.4375,37.3625
102441,-1.429166667,36.67916667
102442,-1.3625,38.0125
102443,-1.320833333,31.79583333
102444,-0.9875,36.72916667
102445,-0.9875,35.2375
102446,-0.9875,35.1125
102447,-0.9875,34.87916667
102448,-0.9875,34.47083333
102449,-0.9875,34.10416667
102450,-0.9875,30.65416667
102451,-10.54583333,32.0625
102452,-10.22083333,31.1875
102453,-9.3375,32.74583333
102454,5.929166667,0.4625
102455,6.129166667,1.0125
102456,6.545833333,1.8125
102457,6.829166667,0.479166667
102458,8.3375,0.995833333
102459,10.90416667,0.195833333
102460,9.454166667,-0.0125
102461,9.704166667,1.6625
102462,33.77083333,10.0625
102463,33.7875,10.9125
102464,33.84583333,10.79583333
102465,34.4375,10.34583333
102466,34.8625,10.85416667
102467,34.89583333,10.67916667
102468,35.22083333,8.754166667
102469,35.2625,7.770833333
102470,35.35416667,8.170833333
102471,35.35416667,8.004166667
102472,35.50416667,10.90416667
102473,35.65416667,10.65416667
102474,35.77916667,10.0625
102475,35.87083333,10.44583333
102476,35.94583333,8.145833333
102477,36.05416667,7.770833333
102478,36.44583333,10.4375
102479,36.57083333,10.70416667
102480,36.64583333,10.07916667
102481,36.8875,11.00416667
102482,36.97083333,7.745833333
102483,37.09583333,9.8125
102484,37.20416667,10.15416667
102485,37.20416667,10.0125
102486,37.3125,9.779166667
102487,30.22916667,8.079166667
102488,30.6125,8.2625
102489,30.67083333,8.095833333
102490,30.82916667,8.0375
102491,31.02083333,8.1625
102492,31.0625,8.029166667
102493,31.2375,8.5625
102494,31.70416667,9.229166667
102495,31.84583333,11.3375
102496,31.87083333,11.57916667
102497,31.87083333,10.97916667
102498,31.87916667,11.87916667
102499,31.95416667,10.67083333
102500,31.97916667,11.15416667
102501,32.0125,11.35416667
102502,32.0625,11.5375
102503,32.29583333,10.97083333
102504,32.9375,10.44583333
102505,32.95416667,11.87916667
102506,33.14583333,11.2125
102507,33.35416667,10.49583333
102508,33.4625,9.020833333
102509,33.50416667,11.10416667
102510,33.7125,8.970833333
102511,33.77916667,8.829166667
102512,33.87916667,7.879166667
102513,33.8875,9.7875
102514,33.92916667,8.120833333
102515,34.32083333,8.404166667
102516,34.3375,10.1375
102517,34.42916667,8.7875
102518,34.6125,10.59583333
102519,34.75416667,8.054166667
102520,35.0375,9.479166667
102521,35.67083333,10.09583333
102522,36.09583333,9.3625
102523,36.17083333,8.704166667
102524,36.3875,10.59583333
102525,36.40416667,10.1375
102526,36.54583333,10.05416667
102527,36.72916667,9.1875
102528,36.90416667,8.429166667
102529,-1.479166667,33.79583333
102530,-1.3125,31.80416667
102531,-1.270833333,34.5625
102532,-1.004166667,34.1125
102533,-0.804166667,34.1625
102534,-0.695833333,34.09583333
102535,-0.4625,34.0125
102536,-0.404166667,34.1875
102537,-0.404166667,31.15416667
102538,-0.395833333,34.55416667
102539,-0.3875,31.55416667
102540,-0.2875,30.1125
102541,-0.2625,34.3125
102542,-0.195833333,30.20416667
102543,-0.120833333,33.70416667
102544,-0.095833333,30.49583333
102545,-0.0625,34.0625
102546,0.0375,29.80416667
102547,0.079166667,33.9875
102548,0.095833333,33.80416667
102549,0.120833333,32.49583333
102550,0.179166667,30.04583333
102551,0.2625,33.52916667
102552,0.4875,29.57083333
102553,0.570833333,31.3875
102554,0.654166667,30.12083333
102555,0.920833333,31.7625
102556,0.979166667,30.77916667
102557,1.354166667,32.9375
102558,1.379166667,34.4625
102559,1.404166667,34.65416667
102560,1.495833333,31.32083333
102561,1.6875,31.70416667
102562,1.795833333,34.57083333
102563,1.845833333,31.95416667
102564,1.970833333,32.52916667
102565,2.295833333,30.9375
102566,2.470833333,31.4875
102567,2.529166667,34.65416667
102568,2.779166667,32.2875
102569,3.004166667,34.1125
102570,3.220833333,31.50416667
102571,3.304166667,32.8875
102572,3.354166667,31.10416667
102573,3.4125,31.79583333
102574,3.545833333,34.12916667
102575,3.745833333,34.8375
102576,0.3125,29.87916667
102577,-17.97083333,30.97083333
102578,-17.95416667,25.84583333
102579,-17.89583333,30.67916667
102580,-17.72916667,25.92083333
102581,-17.7125,31.20416667
102582,-17.67083333,31.09583333
102583,-17.52083333,24.2875
102584,-17.37916667,30.12083333
102585,-17.32083333,31.3375
102586,-17.0125,30.87083333
102587,-16.82083333,29.70416667
102588,-16.52083333,28.82083333
102589,-16.2375,33.62083333
102590,-16.1125,33.49583333
102591,-16.07083333,33.60416667
102592,-15.4875,28.45416667
102593,-14.49583333,28.52916667
102594,-14.34583333,28.52916667
102595,-13.94583333,33.70416667
102596,-13.79583333,32.89583333
102597,-13.62083333,32.52083333
102598,-13.05416667,28.7375
102599,-13.04583333,33.47916667
102600,-12.9125,28.42083333
102601,-12.65416667,28.20416667
102602,-11.89583333,33.59583333
102603,-11.67916667,27.45416667
102604,-11.00416667,26.85416667
102605,-10.9625,26.72083333
102606,-9.695833333,33.27083333
102607,-9.3375,32.84583333
102608,-9.254166667,32.75416667
102609,-9.070833333,32.9625
102610,-8.9125,33.57083333
102611,-8.895833333,33.32916667
102612,-8.429166667,33.02916667
102613,-17.79583333,25.2375
102614,-17.79583333,25.1625
102615,-17.72916667,30.90416667
102616,-17.34583333,27.20416667
102617,-17.02083333,26.47916667
102618,-16.80416667,26.97916667
102619,-16.52916667,28.7125
102620,-16.27083333,27.47083333
102621,-16.1125,33.70416667
102622,-16.10416667,23.29583333
102623,-15.84583333,27.75416667
102624,-15.75416667,28.17083333
102625,-15.60416667,32.7625
102626,-15.32916667,28.44583333
102627,-15.32083333,28.67916667
102628,-15.27083333,23.15416667
102629,-14.9875,27.05416667
102630,-14.80416667,24.79583333
102631,-14.42916667,28.42083333
102632,-14.25416667,31.32916667
102633,-13.9625,28.67916667
102634,-13.6125,29.39583333
102635,-13.22916667,30.22916667
102636,-12.84583333,28.0875
102637,-12.57083333,27.8375
102638,-12.5375,28.2375
102639,-12.3625,27.8375
102640,-12.27083333,25.8625
102641,-12.27083333,25.29583333
102642,-12.2375,27.7875
102643,-12.17083333,26.39583333
102644,-12.0875,26.4125
102645,-11.8375,31.4375
102646,-11.75416667,27.2375
102647,-11.19583333,28.8875
102648,-10.7875,25.80416667
102649,-10.7375,26.40416667
102650,-10.70416667,25.4375
102651,-10.57083333,26.3125
102652,-10.5625,26.1875
102653,-10.54583333,32.0625
102654,-10.22083333,31.1875
102655,-9.3375,32.74583333
102656,-22.34583333,30.02083333
102657,-22.20416667,30.02916667
102658,-22.04583333,27.84583333
102659,-21.0375,31.69583333
102660,-20.92916667,29.00416667
102661,-20.32916667,30.07083333
102662,-20.24583333,28.52916667
102663,-20.2125,32.62083333
102664,-20.19583333,28.67916667
102665,-20.0875,28.4375
102666,-20.07083333,30.82916667
102667,-20.05416667,28.5625
102668,-19.42916667,29.85416667
102669,-19.0375,32.6875
102670,-19.00416667,32.57916667
102671,-18.9375,29.79583333
102672,-18.5375,32.12083333
102673,-18.3625,29.94583333
102674,-18.22916667,28.9375
102675,-18.20416667,31.54583333
102676,-18.12916667,30.12083333
102677,-17.97083333,30.97083333
102678,-17.95416667,25.84583333
102679,-17.89583333,30.67916667
102680,-17.72916667,25.92083333
102681,-17.7125,31.20416667
102682,-17.67083333,31.09583333
102683,-17.37916667,30.12083333
102684,-17.32083333,31.3375
102685,-17.0125,30.87083333
102686,-16.82083333,29.70416667
102687,-16.52083333,28.82083333
102688,-22.42083333,26.7125
102689,-21.9375,27.84583333
102690,-21.42083333,27.44583333
102691,-21.4125,25.57916667
102692,-21.3125,25.37083333
102693,-21.27083333,27.47083333
102694,-20.62083333,27.44583333
102695,-17.79583333,25.2375
102696,-17.72916667,30.90416667
102697,-17.34583333,27.20416667
102698,-17.02083333,26.47916667
102699,-16.80416667,26.97916667
102700,-16.52916667,28.7125
102701,-16.27083333,27.47083333
102702,-15.84583333,27.75416667
102703,-15.75416667,28.17083333
102704,-15.6125,32.7625